{
  "resolution": {
    "width": 640,
    "height": 480
  },
  "clicks_px": [
    [
      46,
      29
    ],
    [
      20,
      19
    ],
    [
      17,
      19
    ],
    [
      18,
      27
    ]
  ],
  "ordered_pts_px": [
    [
      17.0,
      19.0
    ],
    [
      46.0,
      29.0
    ],
    [
      46.0,
      29.0
    ],
    [
      18.0,
      27.0
    ]
  ],
  "width_px": 29.373530387878418,
  "height_px": 4.031128883361816,
  "long_axis": "x",
  "mm_per_px_x": 10.11114415183008,
  "mm_per_px_y": 52.094588408413166,
  "H_pix_to_mm": [
    -1.708688509458597e-16,
    -1.3921084182827668e-16,
    5.131784482607396e-15,
    0.026161515394103316,
    -0.07586839464290018,
    0.9967537365153502,
    9.349165651684874e-05,
    7.39397653094069e-05,
    -0.006444869393748597
  ],
  "H_mm_to_pix": [
    -6799405775883907.0,
    8.477562911450725,
    -4102.960188572468,
    -4286581902187406.0,
    -10.175451186868155,
    -4986.9487675711225,
    -147813169040934.03,
    0.006239215209228877,
    -271.8947831334318
  ]
}