{
  "resolution": {
    "width": 800,
    "height": 600
  },
  "clicks_px": [
    [
      25,
      15
    ],
    [
      18,
      16
    ],
    [
      12,
      67
    ],
    [
      35,
      70
    ]
  ],
  "ordered_pts_px": [
    [
      18.0,
      16.0
    ],
    [
      25.0,
      15.0
    ],
    [
      35.0,
      70.0
    ],
    [
      12.0,
      67.0
    ]
  ],
  "width_px": 15.132946968078613,
  "height_px": 53.626712799072266,
  "long_axis": "y",
  "mm_per_px_x": 13.87700627266938,
  "mm_per_px_y": 5.53828464393846,
  "H_pix_to_mm": [
    299.478567037384,
    35.23277259263338,
    -5954.338568155044,
    25.040753367238054,
    175.28527357066721,
    -3255.2979377409597,
    0.10815402671435546,
    0.40739954172021897,
    1.0
  ],
  "H_mm_to_pix": [
    0.0030735819412386514,
    -0.005037768500991994,
    1.9017100830065443,
    -0.0007719599441547014,
    0.001931288610586131,
    1.6904089626724843,
    -1.7924135906494422e-05,
    -0.00024195114584524166,
    0.10565056016703028
  ]
}